{
  "posts": [
    {
      "id": "1",
      "title": "a title",
      "views": 100
    },
    {
      "id": "2",
      "title": "another title",
      "views": 200
    }
  ],
  "comments": [
    {
      "id": "1",
      "text": "a comment about post 1",
      "postId": "1"
    },
    {
      "id": "2",
      "text": "another comment about post 1",
      "postId": "1"
    }
  ],
  "profile": {
    "name": "typicode"
  },
  "category": [
    {
      "id": "1",
      "name": "Napoj"
    },
    {
      "id": "2",
      "name": "Przekaska"
    },
    {
      "id": "3",
      "name": "Danie Główne"
    }
  ],
  "subcategory": [
    {
      "id": "1",
      "name": "Gorący",
      "categoryId": 1
    },
    {
      "id": "2",
      "name": "Zimny",
      "categoryId": 1
    },
    {
      "id": "3",
      "name": "Slodka",
      "categoryId": 2
    },
    {
      "id": "4",
      "name": "Slona",
      "categoryId": 2
    },
    {
      "id": "5",
      "name": "Mięsne",
      "categoryId": 3
    },
    {
      "id": "6",
      "name": "Wegetariańskie",
      "categoryId": 3
    }
  ],
  "ingredients": [
    {
      "id": "1",
      "name": "Tomato",
      "available": true
    },
    {
      "id": "2",
      "name": "Cheese",
      "available": true
    },
    {
      "id": "3",
      "name": "Lettuce",
      "available": false
    },
    {
      "id": "4",
      "name": "Chicken",
      "available": false
    },
    {
      "id": "5",
      "name": "Bacon",
      "available": true
    },
    {
      "id": "6",
      "name": "Onion",
      "available": true
    },
    {
      "id": "7",
      "name": "Garlic",
      "available": true
    },
    {
      "id": "8",
      "name": "Pepper",
      "available": true
    },
    {
      "id": "9",
      "name": "Salt",
      "available": true
    }
  ],
  "dishes": [
    {
      "name": "Taste",
      "price": 12.64,
      "calories": 23,
      "available": true,
      "subcategoryId": "1",
      "ingredients": [
        {
          "id": 2,
          "name": "Cheese"
        },
        {
          "id": 9,
          "name": "Salt"
        },
        {
          "id": 1,
          "name": "Tomato"
        }
      ],
      "Img": "images/images (5).jpeg",
      "id": "3489"
    },
    {
      "name": "Ror",
      "price": 43.5,
      "calories": 54,
      "available": true,
      "subcategoryId": "2",
      "ingredients": [
        {
          "id": "2",
          "name": "Cheese"
        },
        {
          "id": "4",
          "name": "Chicken"
        },
        {
          "id": "7",
          "name": "Garlic"
        }
      ],
      "Img": "/images/images (5).jpeg",
      "id": "d0e3"
    },
    {
      "name": "Pork",
      "price": 231,
      "calories": 231,
      "available": true,
      "subcategoryId": "1",
      "ingredients": [
        {
          "id": "7",
          "name": "Garlic"
        },
        {
          "id": "8",
          "name": "Pepper"
        }
      ],
      "Img": "images/images (4).jpeg",
      "id": "c156"
    },
    {
      "id": "cd6a",
      "name": "Porzeczka",
      "price": 23,
      "calories": 345,
      "available": true,
      "subcategoryId": "4",
      "ingredients": [
        {
          "id": "1",
          "name": "Tomato"
        }
      ],
      "Img": "images/images (4).jpeg"
    }
  ],
  "allergens": [
    {
      "id": "9ce4",
      "name": "Lactose",
      "ingredients": [
        "7",
        "6"
      ]
    },
    {
      "id": "4c73",
      "name": "Meat",
      "ingredients": [
        "4",
        "7",
        "8"
      ]
    },
    {
      "id": "525d",
      "name": "Milk",
      "ingredients": [
        "1",
        "8"
      ]
    },
    {
      "id": "64c4",
      "name": "PEPPER",
      "ingredients": [
        "8"
      ]
    }
  ],
  "diets": [
    {
      "id": "94ce",
      "name": "Lactose Meat",
      "excludedAllergens": [
        {
          "id": "9ce4",
          "name": "Lactose",
          "ingredients": [
            "7",
            "6"
          ]
        }
      ],
      "description": "COŚ"
    }
  ]
}